model,split,threshold,roc_auc,pr_auc,precision_1,recall_1,f1_1,tn,fp,fn,tp
logreg,Train,0.5,0.7169918857498189,0.45250571061207195,0.4883720930232558,0.1961206896551724,0.2798564838544336,3300,286,1119,273
logreg,Valid,0.5,0.6844618313797822,0.42276186459636367,0.38095238095238093,0.1360544217687075,0.20050125313283207,621,65,254,40
logreg,Test,0.5,0.7035224135557149,0.440684506896222,0.4533333333333333,0.16971713810316139,0.2469733656174334,1303,123,499,102
logreg,OOT,0.5,0.7428015751056474,0.5296255372451429,0.5181818181818182,0.1875,0.2753623188405797,632,53,247,57
logreg,Train_tuned,0.24093862250555875,0.7169918857498189,0.45250571061207195,0.4449244060475162,0.7399425287356322,0.5557054221742649,2301,1285,362,1030
logreg,Valid_tuned,0.24093862250555875,0.6844618313797822,0.42276186459636367,0.4769585253456221,0.7040816326530612,0.5686813186813187,459,227,87,207
logreg,Test_tuned,0.24093862250555875,0.7035224135557149,0.440684506896222,0.45989304812834225,0.7154742096505824,0.5598958333333334,921,505,171,430
logreg,OOT_tuned,0.24093862250555875,0.7428015751056474,0.5296255372451429,0.49572649572649574,0.7631578947368421,0.6010362694300518,449,236,72,232
