model,split,threshold,roc_auc,pr_auc,precision_1,recall_1,f1_1,tn,fp,fn,tp
xgb,Train,0.5,0.9018883701623812,0.8005919072960338,0.7684117125110914,0.6221264367816092,0.6875744342993251,3325,261,526,866
xgb,Valid,0.5,0.8959114257948076,0.810425758353592,0.7892376681614349,0.5986394557823129,0.6808510638297872,639,47,118,176
xgb,Test,0.5,0.7570779649625565,0.5547286181398644,0.6003937007874016,0.5074875207986689,0.5500450856627592,1223,203,296,305
xgb,OOT,0.5,0.7810603150211295,0.6147284239499957,0.634453781512605,0.4967105263157895,0.5571955719557196,598,87,153,151
xgb,Train_tuned,0.1989905685186386,0.9018883701623812,0.8005919072960338,0.5785007072135785,0.8814655172413793,0.6985482493595218,2692,894,165,1227
xgb,Valid_tuned,0.1989905685186386,0.8959114257948076,0.810425758353592,0.6099290780141844,0.8775510204081632,0.7196652719665272,521,165,36,258
xgb,Test_tuned,0.1989905685186386,0.7570779649625565,0.5547286181398644,0.4932279909706546,0.7271214642262895,0.5877605917955615,977,449,164,437
xgb,OOT_tuned,0.1989905685186386,0.7810603150211295,0.6147284239499957,0.5190156599552572,0.7631578947368421,0.6178428761651131,470,215,72,232
